{
  "Rank 1": {
    "initial_eigen_mean": 661.2054443359375,
    "final_eigen_mean": 1.0441700220108032,
    "final_condition_number": 1.0266553163528442,
    "decrease_percentage": 99.84207916259766
  },
  "Rank 4": {
    "initial_eigen_mean": 696.009033203125,
    "final_eigen_mean": 1.0437430143356323,
    "final_condition_number": 1.0286511182785034,
    "decrease_percentage": 99.85003662109375
  },
  "Rank 8": {
    "initial_eigen_mean": 810.6091918945312,
    "final_eigen_mean": 1.0449899435043335,
    "final_condition_number": 1.0285494327545166,
    "decrease_percentage": 99.87108612060547
  }
}