{
  "Rank 1": {
    "activation_stats": {
      "l2_mean": 12.349925676981607,
      "l2_std": 2.913563381514739,
      "l2_max": 19.569934844970703,
      "l2_min": 9.685127258300781,
      "var_mean": 1.3104776740074158,
      "var_std": 1.1105006227316265,
      "num_layers": 12
    },
    "mimo_stats": {
      "final_rank_mean": 15.135672330856323,
      "final_rank_std": 0.9691903895509243,
      "final_rank_max": 16.883747100830078,
      "final_rank_min": 13.309639930725098,
      "rank_stability_mean": 4.250926853604273,
      "num_layers": 12
    },
    "delta_stats": {
      "cv_mean": 0.0007490141775253744,
      "cv_std": 0.00013657691583906077,
      "delta_mean_avg": 0.6931785941123962,
      "num_layers": 12
    },
    "eigen_stats": {
      "mean": 1.0441700220108032,
      "std": 0.007360296323895454,
      "max": 1.057163119316101,
      "min": 1.0297157764434814,
      "condition_number": 1.0266553163528442,
      "num_eigenvalues": 48
    }
  },
  "Rank 4": {
    "activation_stats": {
      "l2_mean": 12.82017413775126,
      "l2_std": 2.945731397407117,
      "l2_max": 20.55333709716797,
      "l2_min": 9.617719650268555,
      "var_mean": 1.5350276579459508,
      "var_std": 1.3040970864842039,
      "num_layers": 12
    },
    "mimo_stats": {
      "final_rank_mean": 27.86368242899577,
      "final_rank_std": 0.7415323340267547,
      "final_rank_max": 28.937824249267578,
      "final_rank_min": 26.793418884277344,
      "rank_stability_mean": 1.2241914528256796,
      "num_layers": 12
    },
    "delta_stats": {
      "cv_mean": 0.0006570853132765777,
      "cv_std": 0.00013888249622684467,
      "delta_mean_avg": 0.6931320230166117,
      "num_layers": 12
    },
    "eigen_stats": {
      "mean": 1.0437430143356323,
      "std": 0.00827562902122736,
      "max": 1.0585116147994995,
      "min": 1.0290287733078003,
      "condition_number": 1.0286511182785034,
      "num_eigenvalues": 48
    }
  },
  "Rank 8": {
    "activation_stats": {
      "l2_mean": 16.08349108695984,
      "l2_std": 2.566106536579295,
      "l2_max": 22.40408706665039,
      "l2_min": 12.968194961547852,
      "var_mean": 2.2250860830148063,
      "var_std": 1.2131770199708667,
      "num_layers": 12
    },
    "mimo_stats": {
      "final_rank_mean": 27.72059726715088,
      "final_rank_std": 1.7487895902063961,
      "final_rank_max": 30.262346267700195,
      "final_rank_min": 24.89930534362793,
      "rank_stability_mean": 1.2956981074741047,
      "num_layers": 12
    },
    "delta_stats": {
      "cv_mean": 0.0006016277112533571,
      "cv_std": 0.00012313185124541203,
      "delta_mean_avg": 0.6931713571151098,
      "num_layers": 12
    },
    "eigen_stats": {
      "mean": 1.0449899435043335,
      "std": 0.008445401675999165,
      "max": 1.0584334135055542,
      "min": 1.0290545225143433,
      "condition_number": 1.0285494327545166,
      "num_eigenvalues": 48
    }
  }
}