{
  "Rank 1": {
    "model_size_mb": 18.07032871246338,
    "final_val_acc": 60.06610576923077,
    "best_val_acc": 60.37660256410256,
    "final_val_acc_ema": 60.06610576923077,
    "best_val_acc_ema": 61.77884615384615,
    "final_f1": 0.5979414230126548,
    "best_f1": 0.6016413250459843,
    "final_val_loss": 1.6209846903116276,
    "best_val_loss": 1.6209783340111756,
    "final_train_loss": 1.1246979018230268,
    "final_train_acc": 44.584,
    "final_val_acc5": 83.50360576923077,
    "best_val_acc5": 83.82411858974359,
    "avg_grad_norm": NaN,
    "final_grad_norm": 0.042639796130566135,
    "avg_mimo_rank": 18.65930103699366,
    "final_mimo_rank": 15.135672330856323,
    "max_mimo_rank": 26.38911787668864,
    "min_mimo_rank": 15.124162753423056
  },
  "Rank 4": {
    "model_size_mb": 39.29597568511963,
    "final_val_acc": 62.19951923076923,
    "best_val_acc": 62.27964743589744,
    "final_val_acc_ema": 62.24959935897436,
    "best_val_acc_ema": 64.0625,
    "final_f1": 0.6181990916188402,
    "best_f1": 0.6187775759043439,
    "final_val_loss": 1.5416478713353474,
    "best_val_loss": 1.5413912710471032,
    "final_train_loss": 0.9739230014193241,
    "final_train_acc": 48.024,
    "final_val_acc5": 84.4150641025641,
    "best_val_acc5": 84.51522435897436,
    "avg_grad_norm": 0.04710141933419638,
    "final_grad_norm": 0.05146474955189559,
    "avg_mimo_rank": 27.951645151774088,
    "final_mimo_rank": 27.86368242899577,
    "max_mimo_rank": 30.932658354441326,
    "min_mimo_rank": 26.892407099405926
  },
  "Rank 8": {
    "model_size_mb": 67.59712314605713,
    "final_val_acc": 62.55008012820513,
    "best_val_acc": 62.760416666666664,
    "final_val_acc_ema": 62.62019230769231,
    "best_val_acc_ema": 64.24278846153847,
    "final_f1": 0.6205125608371825,
    "best_f1": 0.6226944458998063,
    "final_val_loss": 1.5356720349727533,
    "best_val_loss": 1.533970057964325,
    "final_train_loss": 0.9207474756557161,
    "final_train_acc": 48.068,
    "final_val_acc5": 84.16466346153847,
    "best_val_acc5": 84.19471153846153,
    "avg_grad_norm": 0.04531232754868042,
    "final_grad_norm": 0.0503899734467268,
    "avg_mimo_rank": 28.058341857592264,
    "final_mimo_rank": 27.72059726715088,
    "max_mimo_rank": 31.471707503000896,
    "min_mimo_rank": 27.144137223561604
  }
}